user_id,name,review_count,yelping_since
CmXV7GzvsCQZF0qkv8IIjA,Jack,5,2014-10-19
3ZYaahJNYw-m2gub_fy96Q,Ben,6,2013-05-26
DejP-zbnwQbMzl3JenkMFQ,Margie,1,2015-09-22
j5p9X_gzE1oxky58axxyrw,Thornburg,2,2014-06-11
BETQpUjEgoMrX7Iii8wJXw,marjorie,2,2011-03-16
1csbMcD8OrnfdZ_na-Qm9g,Lydia,2,2012-01-05
ZzKPc5tES63e4IWb0GQ0RA,D,2,2011-01-10
5Sx6OBVlbbXNtt2aAn1HiA,Lanea,1,2015-12-11
1I6_TGwiWI_8mGBhmuryiA,Nico,3,2012-06-04
XgRliijVWLgKMqZEfzE-EQ,Caryn,4,2010-06-22
Sg_MuxifoCAT5vt7YFmDQA,Dan,117,2011-09-13
9gCAt3MUi1gEr5t519ckRA,James,56,2014-08-02
Ams81NELFokI4bf4-fptNA,Master,1,2015-08-08
8PQcIxydcity-EOVjvPNyQ,Anna,24,2014-04-08
kfJ8xkfzHkVdIDpOoBKSGg,Eva,5,2011-12-19
ohxjD0d-AXcz-OZcp74Yyw,Greg,124,2007-08-07
Z9szJeSXECV4bNjWqY-i3w,CK,13,2009-01-18
aUu3wv9iXJ-swdcLld7ZHg,Jeff,4,2014-06-26
2gM2OvvytS1_iYUNf0liPw,Kadie,5,2016-12-04
2Nd_haVqZdnkhpDi7hVXSg,Chris,10,2013-10-30
KoRllKJ9Roo7yR4t6Vhr5g,Jason,74,2010-06-07
AUUQRPHgX4d8FrjVGCQLAg,John,1,2015-01-18
4tD7--bpzLTV9pkQfx7rGQ,Manon,4,2016-08-15
7DRZ-iNUnw6X8JMH8MKnBg,Jennifer,17,2012-10-14
f5c8hvNzLls13ONi9cyphA,Metin,10,2010-04-19
S6Zyl2jVm6EORh0dFFMHEg,Yanet,5,2015-06-03
zJC_pbni44rTP6wHpsW3bQ,Scott,17,2015-07-05
vfNpKSaQf7QVA_zO6DViRg,Megan,3,2014-08-26
W1-KiwkxQfSR4KTAfytNAw,Sue,7,2013-09-04
I7yYnZmIfjHEMmi5MtLR1w,Nick,45,2011-03-28
m5J5H9prKmRaQHD0IuN_Hw,Mike,3,2013-12-02
3AJRBXUUgWx0rLsFa_r0gw,Karen,4,2011-03-07
waN4ijTSAcUc96av0ERozA,Ash,7,2008-10-16
NLJ26oMALCn6RGvRNha1FQ,J,7,2012-07-17
ju2WtZIESwqFGDcSQiYU_Q,Michael,19,2012-01-07
IRCfHsRd0yVnR4eTAg6QgQ,Gary,4,2012-05-05
CCIxSOhgEvwsPTkH2mGYpA,Darren,16,2012-08-20
TGzDyBVPPCtt3t7BIMR6pQ,Jennifer,23,2012-04-24
Ihqsw3I1h-oIJVaJWzZ7YA,Roby,5,2011-10-14
K7-m5OpfknfKxup_9qx9UA,Lonely,1,2014-12-11
pjiChhx9GD_iN_G2um21WA,Kristen,1,2013-04-04
nX8Z7YKwkEk-yo0-9oJ4xA,Becky,3,2015-01-27
KBgGvXGFfDOWjrxHt9VynA,Brian,21,2013-03-31
PrVS1V8yMD_H8AWYHaKbzQ,Chris,1,2016-02-15
uNH3fPxE3C6BywuMHAjF4g,va-pi,0,2011-02-11
7dmLF0vy6-NcVIpAKe5Ang,Jaime Lyn,27,2014-02-24
xed2P-Us21nsIUqGS_81Ag,Amy,20,2010-02-17
Tro960h5_5mB2wFurwia8A,Jon,90,2008-08-27
7bymkn2vy7QV2ry9TDWraw,Mireille,56,2009-07-11
le3v07PLZLCu-SlHbMM-tA,Oscar,16,2012-10-03
GpvyQ8TlZE4G4WRjvd7-nw,April,2,2014-09-29
yYud7EQZsyVmu-z-CNl-CQ,Guy,1,2015-03-31
6htWs5cVaQ-WIbHpHkYtxw,Christina,35,2009-02-21
T_McmkzLxFBLumaYml2NPA,Reo,5,2012-03-31
VO5pk-3l7H43GGWPw67Mtw,Maryellen,5,2014-08-06
5-GfxE80pwgWWR4izxoZBg,Paul,14,2014-06-05
pzyLc5RweueB8hNx5Ec7Qg,David,1,2010-07-06
eGrzRQKnSuOIB9wp8-xrfw,Troy,7,2012-09-27
SiUSlF-q5fFXCty_Wuo9xA,Devin,5,2011-01-29
w47K60hE7QOiCqPB1lKHDw,Katrina,106,2014-01-06
Rs6h0qahjFyCLw1qrIK4Pg,D,6,2014-03-15
EQ0gB5Np7CEzKlQJ3kRYiw,Nicole,3,2014-07-12
zSdiWEqFIs51G0rd024uGw,Jeffrey,8,2010-05-04
7rNTn7iY77igmlqzt3uaXg,Paulette,8,2015-03-09
GMhCq90wV2zlidFfIduTOA,Donna,63,2011-04-03
13CX4jcb2sXzhOC5Mwlbfg,Nicole,4,2010-09-12
KpSdvARhgBXxGhlBkFfGgQ,Electric Avenue Creations,3,2014-08-08
q1YWQJgrM7jE4df20cgubA,Karina,26,2015-06-28
GbD6Hry2rIgJ1EG7H6ussw,Tee,1,2017-02-06
itveunhkoCwFOlqOaFlupw,Aaron,18,2012-03-10
Aal79aLlJ5FEH1mLtc7MVA,Millie,1,2016-09-27
T51iqek2AKY0gSB2nhc7QA,shar,1,2011-09-23
kce-SJA1tmxb_uRGAsHbew,Don,18,2010-09-14
686NqviYkyX-cIB_0AmlOA,Jeff,1,2016-08-16
hx7QVSLEvA4r3qbc8okW_w,Nicki,29,2011-10-03
J69L7sV2hC8LE6b-QrVCsQ,Bill,2,2013-03-03
QZG9y9SZ12eHSmoiJC9Kdg,Anne,21,2010-06-13
NgGnpTgk1ZeyzMhEj3rhIQ,Sonny,57,2014-01-14
ugj5ayu7hW2fk9g9VXXFxA,Nathan,9,2013-12-23
NKMdSnCiJuzbXbLJEUa-eA,Walker,8,2015-07-04
DecPgdMdR5GPJIjkhRkWdw,Lauren,106,2010-11-28
E3-RZJr1XJ76vJ4jMZO1SQ,Coby,8,2015-08-01
zQVVfjAN-0WXClBG3w4-zA,Abhist,32,2008-02-18
TPHNPZs2uuX0wVcizJLsaw,Chris,1,2016-03-10
gjnu0_0Jo8Q9NTceukBDGQ,Carlo,4,2014-12-28
oioxSQzFd_Pfjqohx1zlJg,Fermina,18,2009-05-15
jJA98QWW-CilTa3xPLVe-w,Tonita,1,2012-05-08
JNKkdd_BEBdYUDkI4ovliQ,Diana,36,2010-03-20
n7ET4MF4U9UNTOIp1lG7kw,Brooke,13,2015-08-11
FlQl43xd5QjAv6CRerZRtA,Angela,2,2013-10-29
KDRUGDH-mQpFr2KT-GJ1DA,Ronald,9,2011-06-23
7RZjMW3-u-_0uQ2PlpLx9w,Angel,8,2016-03-08
ys1tt5t5eBZN1UDKWW7IdA,Grace,2,2016-05-04
m2CYj60qMWmEkPxMkoZAQw,Sam,3,2011-08-30
xS7RFOVtd2bYydG_PRhsFQ,Theresa,12,2016-01-09
tazUoXksblyY-7QC7AoWqA,Chris,1,2015-08-15
RxQcLcYPpkEizLJaEbKEUQ,Craig,16,2012-06-01
DMXkfB8SqtKi1eZYiepb2A,Chris,9,2010-04-10
Db4ZsIy4ayDgU8aYtuZ-6A,Randy,4,2014-11-16
QC7lQvjgRNEbgL7LqyJPeQ,Tod,1,2011-09-07
n-DnSlA5w9odOP4Hslz9cA,Katie,1,2014-02-22
OtHCebrO6QXqnjgoxRd8dg,Cassandra,8,2012-05-11
mQsohtiHnteMhDk-RrRtaA,Keith,1,2013-09-17
c09kBDP4sQMCz7Z1-UZSag,Amy,28,2010-12-02
w1BHkvBrzKfz_vSVD8dHMw,Matthew,7,2014-11-18
7J9s-DxqeKE4iBWe3vTcpg,Stephanie,3,2015-11-06
0Chi_CzoTmkw1NvZg0sksg,Jennifer,652,2008-03-08
8p3rMcLUB_ynNtWawtXzpg,Jonathan,50,2012-05-01
qFCSot7rJp1E9JUExCKDYQ,Nicole,2,2010-11-19
MCX9oimHHahYUV_PlLqEYg,Anna,4,2015-01-14
tKkVZYHakl0TQ67KPdkCyw,Noelle,1,2012-08-29
Z5bBkwBBUoNp81Se6KAOjw,Mark,108,2009-04-24
B9bRzLdFc8ppAwWDMhDrJg,Jason,1,2011-08-05
-MiqLJ9ayFSM0AcoGG_SrA,Melissa,85,2015-05-30
Vz5ahnv6EJf1aC0hNxiZ6w,Scott,9,2013-10-09
4Q7FyusGkqBFWiS9D2x1Ow,Michael,31,2011-03-13
iQCfS60OW_OBA7NrbAkboQ,Christie,32,2013-02-01
XiALlxa16WFXLwZu5cZ2mQ,Eric,1,2013-02-09
ZuwmhEdMW3rkyhzqEbfCgg,Drew,1,2015-04-23
uJ-cmy0mEAyOxvDqfN0X4w,Hugh,21,2013-02-18
RjvsPW-k3c5yGBj6jEgeAA,Lisa,1,2012-08-21
0zJHKYzUI4_3z29Pc4buzA,Jay,3,2016-12-15
GuwjWSnzIVi6Ay5xWQVOog,Erik,73,2006-09-20
EzKfD8jCYT1kbV2N4xiqIQ,Justin,2,2015-07-03
5bEIqDD2Af4KzBxhU23bDA,Amanda,3,2016-06-17
YBZ_VSTqAsIyUrTuRsZP_Q,Rigoberto,8,2016-02-12
MEfhlI6CWs85TmhOjGrEqw,Frank,7,2013-03-02
xm4cuU1HDVIYOedHDRlRmQ,James,1,2015-02-13
0RNy8UPoKoKmoWBlVWFXXA,Brian,1,2015-04-27
1viszljzsa8W7VnYPuWosw,Jodi,159,2015-05-14
gNlz-YIU5j-G9UsNVpAetw,Lola,13,2014-04-30
k2IMqIV5vK00PrciLlsB0w,NoniShaney,14,2012-12-01
VTPLCCmG4K3hWJ6VUcx9yg,Kyle,2,2011-08-24
OMTFmOMu-83TVAwY5EtV_g,Lisa,42,2012-05-04
4TOP2JHVeo_0520iFxQpug,Juli,4,2011-06-30
0CMpYaBKEBnKUoEIQu6WMQ,Lenn,2,2014-09-28
p6QT0lQ7T6RSCYf7YlBAJw,Dawn,15,2013-07-09
V6qXgewyile6PfKwErSK-A,Justin,18,2014-10-18
pjwdIfncs-evxHOpqXypiQ,Erik,3,2014-03-21
jhyiY4j7C9dp_lWvRDZL2g,Miss,10,2014-02-07
WHXJKOTooCTsmjmF4NK3IA,Charles,14,2012-12-18
cJqEJMVvflZipwjouaeyEw,Joanne,7,2009-06-24
kc7Gau3oYyHtYbOK0qDdXQ,Jade,8,2011-10-04
Fv3l85_GSkIbQYOwF8TnYA,Susan,3,2013-03-21
Sqi92dicXqGP44b6gxL2hA,Whitney,1,2017-04-30
Jv1xk6Y_JFvC6X40Cszmqw,Dominique,2,2015-10-04
lnmiJI0Fcf156x6tmgEs7Q,Terry,1,2012-04-16
vYqgTB4dStzeOXyC_QpcLg,LuLu,16,2015-04-20
CDCLWszDydDwbQAndyB-MA,Kristie,2,2013-11-01
T3fidVh9S1fFS9ljmx2dcg,Cheryl,20,2010-03-01
M2VGuvSMoS_QZiqROjHjig,Avice,4,2011-05-28
KMVPVp6ik1HRnBzJZQFVew,Cheryl,2,2014-04-25
NHYeprlw-PChltz7WZY-OA,Kyle,2,2016-04-13
6rLHapnBeG9WNeHoREczmw,Zi,57,2008-08-17
f3bia1dawL1RonSsSXeu2w,Annette,3,2016-03-13
1xA1nCo8CYaDSnkCyLKXRg,stacey,24,2009-03-01
iokxLWzHZSZAHix_suVy7A,Keren,18,2014-03-31
VHq7SrCzTM3NVcjCNFtmQA,lenny,39,2011-03-13
pg9myNWxwlIU6gWHZfUUPQ,Susan,18,2011-06-22
9MRplYKUS1VWTl-WR-5tVQ,Samantha,128,2009-03-14
kj46Um0r80BXGsmIOlZAjg,Sandra,10,2014-04-30
qaa8qYQ0QSI5JX8JFkgzuA,Charmaine,4,2015-08-07
qStELN6La_OQnpmCcG7-LQ,Kim,10,2015-07-19
iJfy-R5WyB7zHnx_9yXnfQ,Nitin,1,2017-04-21
ri_sIsF5XDaUH3l8Se4I4A,John,6,2014-10-29
-WfY2TAjaIe0OaCxj0-cFA,Heidi,295,2007-11-02
-Ra06cTDtAfAGcZkY2pjhw,Diana,71,2010-06-10
gVKZKrMfnHHIdCkbG_xsXQ,Chris,7,2016-04-25
5QnUd9jPV8vWilZKigE_og,Deena,46,2012-12-03
9jEef_luDlsIFoFvUMD-EQ,Tayler,2,2015-12-10
fasrUUMPusnaX6vfcug5cQ,Jennifer,56,2014-12-08
H7hgpDnNUHkfpuxDuwh6WA,Linda,1,2015-08-08
2UFR4EFtWL-T2WE9qJxG0A,Melissa,7,2012-10-25
xYMqiGmJEnMuwleKFhaqiA,Jeo,2,2015-01-08
xB9d9hlf8D_KuAwK54ZtVg,Min,155,2010-02-03
NQp2s8wj8pHy41fXbLFfTg,Pam,15,2011-08-04
De9XyEWCu6owr98k5xGTZQ,Larry,6,2014-08-20
PwSpl1Gcqip2I3QYmenh1Q,Krys,4,2014-09-27
1NXg7eGMdc3BXZYF0Dgyzw,Teju,142,2006-07-22
6elAfoeEtvJ7RCFq3eTXPQ,Amann,15,2016-02-12
xD8It2MKOu8wmdwj7oftkw,Anthony,10,2016-06-07
TLb8FfU-vUuJxmLCC7d_6A,Dianna,2,2009-01-27
BSF8X3V9oBvZQDHOUxNFQw,Ryan,7,2016-07-09
YHGLSwhGlumRaeYGvyg9MQ,Anna,2,2017-05-13
VJFrL-zPkjcrwZMKzkS6Dg,Rod,2,2010-09-23
BYqs6_rA0V0BfTpOKPsOPg,NE,28,2012-10-21
_M6PU6LrJiocyOnwUc_-rQ,Samantha,1,2016-02-25
8FbPbK3Ob9V59La7O_oGTA,Dawn,28,2014-11-26
JpTu9QHp_GzoSmeN5bRPDA,Teresa,85,2006-06-03
i8EsvQM1F-A-x3Il6gxC3Q,David,17,2015-11-06
JUIeMxoiuWIeF6AHq1MYtg,Sarah,9,2015-12-30
yU-eR5T6wLYFhQLpwcsWyA,Guram,1,2016-02-25
hvp--itbTqX9DrJwl2HkQA,Shakeel,58,2010-06-27
CCna39gyyNKuoXjn7yKnIg,Craig,2,2009-08-04
GtEYtKiv-cHwzuYZjuxqzA,im,1,2011-07-01
Bde6-JAdSkgPxS6xKQxwsw,Anastasia,6,2014-08-22
6-O8rUwd-NBE4anAV7uDUA,Amy,10,2014-08-17
n40tRdWitQeAoskWI80uIw,John,6,2013-09-01
ae8TWdwhTHN1biFL_kZ_Hg,Rocco,4,2016-05-03
vr6nQjjlzXmvHAua28Ntgg,Sarah,4,2016-02-09
1ag9ONPjf9oZUCc5Y71ChA,Nicole,1,2016-01-07
Nsgmsukkqhi4ihzW4tpqzQ,Amanda,2,2014-02-22
Y8J3EmNyiaxcRfLK_X77AA,Tara,1,2014-05-10
36rZ0mdMtea2690mOxKMgw,Jeanne,20,2012-09-06
vtk9sHWSoNnt5GEEOF6otw,Suz,3,2013-12-28
7wrlISiLKkb0gkx1Ef-NWQ,Sarah,1,2013-01-30
DOWwwCtEjgKmsYrrw2WnaQ,Edgar,1,2014-06-20
Qkzom-5AGrumcl0dBPVvzQ,Trona,1,2012-07-07
oNTRDfxnHcRf58fWuYrAjg,Pliny,29,2008-09-11
esHeSbhzNE56ZVHm9_zk-w,Xavier,1,2015-07-24
njye_vGaOS77qubgUbMGNA,Joseph,47,2011-06-23
h6YISn3pyelXjvSXjEH6Eg,Gertie,5,2010-07-16
IO2T0lVjpAAC_LCavYdKrg,Ryan,2,2012-11-18
XhdSh8JP4QQTZlHQwdU4xw,Ryanne,2,2013-06-22
jpe0eE30x1SGYi7W1OzJzw,Linda,4,2014-07-24
inK8jye88IuGqefMRg3IVQ,Kristin,22,2011-10-22
2vhUxACkt3xRGzNzeSXZlw,Hanna,7,2012-06-20
6ItB3M_BON8FZYjRkX_dJg,R,5,2016-04-21
pp1eX_VA5Ycqq4lPDK_F7g,Kristen,2,2013-01-23
IPxwWswYSuYsotSUDHuCcA,Katie,1,2015-04-22
wRLuvLR6xIzC07sOS419ZA,Adrianne,16,2014-06-30
kmqOMDrysmZeuUGjjbLglg,Keith,8,2013-01-05
RR60626vliinvX0HsXesjw,Anne,2,2014-05-12
F6NZCCcUgMF5EI9uZBp7Zw,Brandyn,7,2014-11-23
HA-VxvDKsC0TA6_CtQDn5w,Reyna,44,2010-07-03
PZuwgiFUVvwpFr9-LqvMFQ,Jennifer,2,2015-12-01
hiJUdNtq76luCoEx-jhT6w,Eric,5,2012-03-24
K46ANQJWTruRD--UB-wrJA,Mikey,64,2016-04-22
he01H5pGYudx-7hpYsfvyA,Pete,2,2010-06-28
-bptkufo8JERvU_IZsgjTw,Russ,3,2014-03-18
Im02Uj-RRXVCe5Dto7ogzg,Brian,7,2009-11-02
Oy4uk5FT9bbXc2NtHqE-Ng,Matt,2,2014-12-17
9Yw619puGCAO0m4h51glXQ,Bobby,4,2015-03-10
zpjS7IyULbIEeisJQQ9OGQ,Tina,5,2015-06-13
1hu3QWMBioVDjsK7NPDhRA,Richard,47,2013-06-11
CEkdRplNwTCo0pvG2l1_wQ,carloscon,0,2012-07-16
emb22YmTV-1tCstJZkF_Qw,Deaf Sign Language,1,2013-05-23
69eT8jLcFcIgsDaHze9eJA,Patti,1,2011-07-22
qVvFGpWig7UqPeGEU8_83g,Rene,9,2014-06-07
tIPtUXKF-6RS0bKLFER9FQ,Sabrina,1,2017-08-26
zGoKTaW3A7Peuxa6eZIc1g,Danny,5,2015-01-02
LGbBcGiIyqJiQpkmlrN_Ig,Les,2,2015-08-12
IKmJzb67sLsaKa8PnCdl1w,Isabella,15,2010-11-08
0KAvz_ALtSVI8pzFChFFBg,Tick,1,2015-07-19
-98jJHkLir_t7XOht-763g,Eric,3,2016-05-13
cxY7SOJgUNYYfRjXzkeK1g,AT _702,1,2014-12-05
nmVg7AsjyjDfS2YJc6NWPA,Stephanie,27,2012-12-05
qI84Vmi49nWGdi-5G6V4Iw,Elizabeth,3,2013-08-20
_yMRpS_dhylgzTPTW6SsYw,Peter,86,2009-12-08
LSYMEi2ccC0KNXVWM9aQpg,Terry,6,2014-01-04
qjvPtYCHGSGdgohuxiSNIw,Carmen,35,2010-07-09
k-iybqO9q99uCYbFQgTSUw,Mikayla,2,2017-08-23
i_Z5nqdJQtz_0pGgcqYDHw,Amber,6,2010-01-11
ohTsWb-Klkz22wrUtkOFQQ,Matthew,3,2012-09-22
z5B6iwekcifb0bNuWog3WQ,Sadee,2,2014-04-10
Fvgldwk0v4WlSmTmM9Hh7w,E,4,2012-01-13
CYZodIl1NNQKThDzbU0tKw,Adam,2,2011-04-02
YIXBoH3mn9mvIp9GAxTv8Q,Shelby,16,2011-06-19
H1lFngLjbx_ckWQKBPzgaQ,Charles,1,2013-10-31
FKr7b-cAe-3JW7sl8IqqHA,Cait,12,2014-07-16
G74dirzGh8lnoTTgEV23KA,Steve,3,2015-03-03
T3Imoe4uENa4wFnsnHlAwA,Chelsea,4,2016-03-22
8YW9EjzzCg15W6yY80QD9w,Dan,2,2013-06-22
tI6UME6YbdxB9Tv30iry8g,Mai,149,2011-07-24
MPstTvi8V-08em9ZSfStcw,Mary,4,2012-06-14
2d1rCOP8qWAAeY2Sti3xFQ,Soraida,7,2011-04-15
ylC0zE1JoF8wfApsveqPRg,Sandra,27,2011-04-10
8SuvvJSqX373FwRUrWsN1A,Linda,17,2008-01-05
Vol58xF5MaI_eM-Kyvw7Kg,Anthony,187,2013-09-27
SSvT3wY1AYryd_8i9kfing,Felix,1,2015-08-01
AQReEHjuTVEa89i7eDXa3Q,Richard,4,2014-05-13
lQ6FfPmI_Q0SZJmOSLUktg,Eneetra,85,2009-12-06
SSDr60yFqP0bFhVXqmmHTg,Kal,3,2013-09-26
r-yViORbl3wzZGD251LCrw,Elvis,6,2015-04-23
w5miVNblyey7hw7tuNhz-Q,Delontae,5,2016-10-29
7VrDad1qcBWkE8UjbDZlog,Stephanie,5,2014-01-19
Ei1YrtUz4g_jOd_n6ToJCw,Joe,3,2015-02-25
LOqstbB1d2rwZGqZqfrL-A,Alexis,35,2011-02-06
UuDBKmADbTZXLAl3OZBJhA,Paul,4,2011-10-26
Zsfc3e_arKRDQuYuQ-rDRA,Erin,540,2010-06-04
IVo_oRJS5QsjJ9uBZorUPw,Karla,4,2013-09-15
jParZtEWr9KtOn7kB7dfbA,Rebecca,15,2010-10-27
a1DcQFAuo317qG6WnxtzJg,Mike,6,2014-07-12
Pu_LvfCHxtnXgRdghQm1ng,Daniel,39,2014-03-22
ekmCFyhR7HuGGwbyo2gfRA,Ferdinand,3,2010-11-14
k79a7fLBRsWnqYpGp3BptQ,Darren,2,2013-08-17
Rck1VQ2ATAg9wTwYQCOSKw,Jackie,6,2013-06-05
EMXCXiUYZ8ffcNgmU2xBDA,Curt,1,2015-04-19
sPDfoAVNqrO7fF4cjPQ8Cw,Mike,5,2014-08-20
6CGsKUyvkEGboicv-SjjOg,Steve,2,2012-04-16
KHbnJXr3gx4-JfI5U00YCg,Sarah,70,2016-04-18
j31SIxq4VC1J-wyEz8nVtg,Andrew,1,2013-08-17
pEUx-32NTNTlk3yypo8E2Q,Sammy,1,2015-11-19
svAIadTyosqukGEF9fkuhQ,Paul,4,2014-03-30
OMrdZacuJEMp02NO-S5G7A,Lilly,4,2014-03-19
o6Gd8HByvwG4kiZg8tOzeg,Devron,5,2016-05-27
Tw71JLhld20N6pwDpuY8HQ,Rose,13,2012-09-13
GQ_2kpEee1KXZCKEtpeEfw,Stephanie,237,2010-02-27
yfSe_wEP0tk617TO6oh39g,Su,25,2008-06-23
MZDjxGxDhSYOQ7d8TUPdrQ,Kim,11,2012-01-09
crJlW-QLx5-9dQfIYjZGdQ,Kathy,1,2017-07-29
tvryamG8aOX1Shx2SDdGsg,Ifeoluwa,1,2015-05-23
qaRH9IEp877MIAVhnAH38w,Kristin,1,2011-10-29
-XKgTbTxCtZldcDCXIdZ9g,T,22,2012-03-09
8-KOI2b_q_X3GthZem6-Pw,Heather,1,2015-12-02
JgOPACD_la_wN0AEc4jrOA,Eve,2,2017-04-07
7XQmsxxSQfZwflNVrLV9UA,Stewart,204,2009-10-18
aiJVlwMp6_3_IFmQnrgSTg,Kristi,67,2011-02-17
jM4mrIpmNapolKu25NPGPA,Estelle,2,2014-04-16
1-Q64nxB9cAdONVR-2dQDA,Mary Ann,2,2015-01-14
TAtmO5BcUl6ViZWqy2ksrA,Jen,55,2012-09-16
EmLSLU9AEoPEvFqGyStEpg,Vickie,1,2010-06-02
fx7eNQX2BokFt7aIZWTheA,Barbara,1,2015-08-30
Ob64CU-S9hxuuzhf1iQoTQ,Daniel,18,2015-08-02
cZ7d9A3nnZ0EdvipwLQLcA,Nicole,35,2013-03-03
CQ7tEwDL_5jpEJzDKKYv4Q,Gary,77,2014-09-27
11pGk8IZgTgYOWvT8i5ILQ,David,27,2007-07-11
jX3uVLZxZ12vSUa4A6WcIA,KanoeMaile,1,2012-09-25
h-zB9m6f4fZyECkN3ILc4g,Adam,5,2016-06-08
W0LvJYUy6xuQNVXzqu9BiQ,Patreesha,38,2011-07-19
PGM2CR7N-jqJ4HKLWGGegA,Simon√©,4,2011-09-19
hBBqdm2UIQgEX59rIUYIlA,Chasen,8,2015-12-02
Ow5YrJZlybtTM6KmjWWd_w,Rich,4,2013-11-25
Rop6UW5xC4KWUH6A8vxV3w,Sharae,16,2008-08-13
3CK66DkcdjnFFR28hqVLVw,Kaitlyn,9,2012-09-05
5k4VpWeV9Yg3U0NufsBVOQ,Bibby's,13,2008-10-16
QwP7oYPJswfZfTfkh3zXrg,Mickey,58,2014-03-03
CXewBsa0dWn8cIf0A37Bmw,Zachary,2,2011-11-15
K-Q8Z3QvUoeEd7HdQ-zqGw,Brad,17,2014-07-19
4aqB1D2zXPTyYJxiGbL68w,Brook,5,2011-05-27
HEaeOXMzlafmSYf_Qh4RsA,Cuca,2,2016-09-21
F19_6Y2PpQASbMknTPaLxA,Alec,10,2012-06-14
-U15BO9wCoF2iMh1wQtgtQ,Eunice,72,2013-05-06
LLVpu2oVbO3AuKV6CXr9rw,Diane,2,2012-10-17
AuGSO3aF9wELWqLz3rKs7g,Jennifer,1,2013-02-17
Up5p8eREOLuKuuOulFymoQ,Ashley,54,2009-09-01
bJMIETQYlMv8-mivzamMeA,Summer,2,2017-04-15
pGb037wq-rJ8tXBEHXTZeQ,Valerie,21,2013-03-13
Kz1qT_mz3O6wNstYotN2MA,Becky,5,2013-03-14
u10fKrCvfjG9QlmlME0Fmg,Top,27,2012-12-19
_eYL7FXI8m44iFgjbF7pAQ,David,2,2014-04-21
h089R-SaOBQ6VvHgZKdbsQ,Mgd,56,2012-02-03
5Uc42LZi-1FcwFo18Gm3yg,Katrina,2,2016-11-05
FiEJH6FC9zoyQnYqLGCNNA,Tara,26,2011-09-01
ycSjT01qRgCN_46pAte5Dw,Steven,24,2012-08-07
PoFZF-S2clBG5GMPSx8N0g,Alex,13,2014-12-04
uc3YvOLy5VjqkuDFWeCXRg,Daniel,46,2009-10-20
pNSM1T3t19FTKbC1y5ZgDA,Steven,10,2015-08-27
Bh2XVs9vD4prwNNNj1npLA,John,11,2015-10-29
R3HRlKQuvijF1PlcVR7GAw,Carrie,7,2014-12-14
E0pIoJK4DljcAzZKZx0PNA,ciro,1,2011-05-13
0yqlphK2AC0I6m0V90k63A,Sonya,33,2015-11-12
4VH5mDKB5g9vBR2hCQGknw,Samantha,19,2014-06-15
NLmccKpetkSQ5nJUdvBYLw,Carol,2,2015-05-31
RlUPUnhh9NiaNMb_gOzBnw,flolepr,4,2008-08-02
vCmleJhUnxY8JfaGh7gZZA,Jack,5,2014-08-08
8O27QQWwoRKrCYnCHL_I9g,Laura,3,2011-05-25
z09K_mbV7snP73Ru88waeA,C,65,2013-12-21
sMJzMndyZ2jeB4qthfh4VA,Lisa,3,2016-05-31
sG_h0dIzTKWa3Q6fmb4u-g,Beer,13,2015-01-18
dBbtJ2jy0hSH-XiXRsFOIw,Sandyra,31,2011-03-02
Oqvam-p0m4UwAqtAxLsYZQ,Jeremy,27,2013-09-06
BkddHqhGyT2Wqxj4taTFyg,Malia,3,2015-07-19
bn-hzwivjDO78NP-DiAsFw,Mia,14,2016-04-16
0wSfUl0iX0TTCU4YrvV6yw,melisa,89,2007-11-12
_9MAHdSacpc3II2Pv-HQ7A,Byeee,1,2016-05-17
6RGTEp7WQIqV5lWMbUpx9A,Jennifer,1,2016-11-29
14nqwaORKRionrKLZogqAA,Marcus,8,2016-04-16
W6KHweYdM1JAWqWido5_dg,Lianette,1,2016-02-12
EZlTrFL7iyWm8qvlHd58Yg,Justin,1,2013-05-04
xsJ96EVIDXXJPvjmvmFJJw,JJ,10,2015-12-03
n6-up6DFta7uabEfe7xePg,Michael,12,2013-12-06
XBKLNdct-ijVl-DQbWMdZg,Stephanie,2,2011-01-15
NCEMe8cQfBl_N1ktS7u6pw,Sheila,19,2012-12-17
48SlSiZiFYwla4BCWYXnLQ,Brandon,9,2012-06-04
bvOyfj3E_NKU642pbQL4GQ,Linda,8,2017-02-20
2WS7aLbDjZYqMxqQ0Yb0EQ,Aldo,2,2014-11-28
F_fIsOKIHkQzLAwVNmZPfg,Nancy,6,2016-02-06
yiil_yUI80L7LyfgTZoRmw,Edward,238,2007-10-16
0d6lxCTtM30ZB0nKDkvdhA,Toronto Food Stop,9,2017-05-31
5-DX9PQc6lEy53qPTwvQdg,Jessica,1,2017-07-07
pgplAnpibGvDpuP1lZ4Xcg,John,2,2015-12-16
j5KkMPqVaY4zvm3ekczwQg,Yzer,80,2015-03-23
-vHdKziP2n5gQEFzr57Wag,Mary,4,2010-01-24
JXJmL_QcOPapdVQDY_radw,Jamie,36,2011-07-05
F5cH-_5ywgcQcaj_MQKUbQ,Allison,276,2010-12-20
1urGza2TfXcVNq8KpJl1yg,Michael,2,2012-05-19
nSXu5wtcBqAwCNQZPgmMNw,Elizabeth,3,2015-12-07
IE_Ifr3od6h7NJDkvgSL9g,Suzanne,51,2012-12-02
xT5E33d3BDQnHUbznQJdsg,Melissa,3,2014-07-25
O2Nn1xRpESXyZ-wFbeoUWg,Christa,11,2014-01-11
NyeGhPsmkGM0Ps__OmRiGQ,Marsha,7,2015-03-14
D_CXX3GqNUS3YcN40E0rKQ,An,1,2016-01-29
rxJyV84-Qg4BF9UmebLNow,Asia,24,2013-08-22
o9256eU-WnAnPNL2k2819g,Anurag,111,2009-10-29
fYPQMvSVsmEe6WJzuXVwIA,Colleen,8,2012-08-13
R5I2cuguFTyeMjkeI6W4rQ,Hyun,3,2016-04-15
9uRUovIwzgyoFerKdsvI4w,Kay,10,2016-02-04
7dqTaAj9aF-WYwqJUtxLRA,Ksenia,1,2014-11-11
Ud1Utu6fpiarWdlnD1RKKw,Jennifer,45,2010-02-09
GWMn6L6DcT2geZZOKRW6Gg,Thomas,1,2013-07-21
SLszKZEVciIJQTEf1FaY9Q,Cory,2,2012-11-27
fQSGZAq0QX0E_MPE7X6bCA,Tom,14,2012-07-31
TzwHp76jtT0PzZNqQkIzsg,maren-hoffm,1,2014-12-20
FQ-aMwlSD7EYH_jqQc2rRw,Lou,37,2012-06-22
HRI2dj8gw1K3wtO9A7ZNtA,Colleen,9,2013-01-04
Yy2kOp0Mu5ovxKEAA1LiJw,Tyler,9,2016-04-28
ztv5-9qXoeq30EKAVxzMbw,Marie,6,2012-09-01
2_a5z1zharPOS2uYC-6z1g,Dasa,3,2016-09-19
DhsBDNotbPlSZej2x22tQA,Stanley,57,2010-11-10
Jpk2zvPjx2WK6smuDW6uDQ,Lowen,4,2012-09-28
jmQyGRowI3P5nWNfpGjQWQ,Laura,92,2011-06-28
QuoOE3bjJRny-MEqlEXd-Q,Brenda,3,2015-01-03
Y08MiYdlRn1hoTnP9YAjuA,Jonathan,4,2008-09-13
ejuH4-zV5FnEE8K_c3lyMg,Sheri,15,2014-04-18
0y6cnimHrX42K1soVtqXyg,Waldo,1,2013-10-01
EjfvH4HFPOfRW1ETl69FEA,Sara,2,2012-01-16
sMtU8Scq1-TTpsv4wq8gHw,spitzf,1,2011-06-13
nHu0Mi9wMVKvp22rSalBRw,Alan,5,2011-08-30
w2zHpmsEEykNp6-LAxGUeg,Bev,4,2017-05-17
HMH59PmZIS9623PKGWZTUA,Leanne,2,2014-05-25
T89f4-lNQ6uJEkROl1rICg,ariel,7,2009-04-06
ELYLMFsc1rvmiLcGz-trSg,Maureen,17,2011-07-06
5NOBVhiM_2tHo5GgCC8Fqg,Donte,1,2017-07-24
IA5aWOHdQOVYHWcZlSPGgA,Ree,2,2015-10-18
IVoxHsiXhAWq4DnZiFI40A,Daniel,1,2013-09-20
pXsoSUw7vMDG-FFX5Y2MPg,Tammy,130,2011-01-07
8Acb6wUNaaA9NbKnehfmYA,Zach,10,2013-02-23
CeVyMEOygHQKOnfXVpkJkw,Don,4,2011-05-10
zC4sYSPnJsWPFM9oc6ye0g,Hillary,11,2013-04-07
9NzmEHjk9NjOKUwJOBsFfA,Jenny,3,2010-03-19
PVet3h9tz45ZjuN3R3zH8Q,Diamond,3,2017-10-30
7U6GZBO0laADRvWW2-buNg,Betty,75,2013-03-15
zNd1USz_jNr_yXSCvMfuEQ,Jason,3,2010-07-26
AwYTjfJy2ayZBcAaB2umyA,Omar,1,2014-07-06
Nww5toTGAKqJibV1Ds-vEQ,Luis,1,2017-11-11
R7-OZCn7NOX_XSZc6XO-OA,Chandra,17,2013-10-13
Cq7sNQyT4e_obIfWS7GxbQ,Carol Ann,6,2013-08-02
3nEgvbol3TdjSuVtLYxQQA,Vaega,17,2014-09-24
fGRkUvCUQ-oUTr8Z218aSQ,Justin,397,2008-11-07
hvY7NY39FI_kE7rke62NDQ,A,2,2014-12-23
3fGjFPsoWLHNTsPr2ETvAQ,Steven,1,2015-01-06
xHZ20oi_tAe2TpyKVrKfCQ,Susan,8,2014-05-25
6d6XnvjPERSgZa1laIF34g,Chantal,4,2016-01-17
_KeWK-gP978KDmoiMwdAsA,Brooke,3,2009-10-16
oufivukYgKRD1VvU_z26AA,Charles,7,2009-05-06
lShUymBJ31NwL7og9VBqVg,Nicole,91,2011-03-26
I4X3SwEeW6EAzjbsAB4URg,Angelina,109,2011-05-05
FC1hMdBVszeodvApYy4keQ,G.,3,2015-03-04
9jgF74x8R13GA3fIi33lEA,Joseph,6,2013-08-12
8wPPyYX4Q_wvgacDoZeFlw,Amanda,4,2015-04-13
josHgIj1pSQjHTOUmO6Niw,Kyle,5,2015-12-12
WGK4ZtLzhHUfctLg9NEcew,D,65,2007-02-21
g3O9riUD-7_-gJd-KUMLpg,Lacey,8,2013-12-29
7v7ZN7plywJPHTLZKilRMA,Ashely,46,2014-12-05
MceEY0D_GeJsLNm2O_oj1Q,Raquel,3,2016-08-23
Qq0tPoToDDCFafu8VkojrA,Cesia,1,2014-06-22
ozS7FZtDjJP3Fx4TC_fdQQ,Darrell,17,2014-04-07
GlminKSEAG3m_3Fe1rzsqg,Mara,51,2010-10-04
1pQMBoqzbp1MTgBuPVM4LA,Frank,1,2016-11-09
46VqQrKP3EXeUw3VCwbT2A,Jess,3,2015-03-25
6MMYpm-ozhgwFsFrvO7ckg,T,39,2014-08-12
vO6VM87aY3gxpKNtxsHZ_w,Rich,1,2010-10-08
890mi24O2ue6lRlKqkD4iQ,fredrica,5,2011-03-23
fz0UzOd0OMwyb6kPBNqzVQ,Jabez,25,2010-10-16
6JZGoKezpLz0U1QcyLGRRg,Eric,6,2011-09-25
eLiIarBcdTCnmgD6T_JeGg,Stephen,2,2010-05-05
Uo_4i_32l9KU7BQgNtI0jg,Krista,27,2012-05-31
mc5xwqU1qLnwVutF1FuE2w,Mil,1,2012-09-23
1ngzynP0IKFjK5fuYEHzug,Maurissa,1,2012-09-06
q8cKDaLG7FR1CG57yeOA_Q,Mark,2,2017-02-23
lxWd4DgkGFukTUxMGBN5DQ,Kathy,5,2014-10-19
gWZo2L8o5OQjMtqL4wNx1w,todd,17,2011-09-21
kCx_ViOQopgpxbli65HYhg,Larry,4,2012-05-16
ZVyZHgT6hGg5kxOFuVU5Ag,Tony,4,2012-10-15
FYjqag0-gVUtRG4LJRG0qA,Miguel,14,2014-03-22
-ersUTps4HqqX0OQRAcOSA,Jennifer,1,2016-10-08
tVuh9L7A0JunocGOtYhaFg,Patrick,5,2015-10-31
L4X_daXSrKRbHh9oF_DT8g,Zeev,1,2013-08-25
7aymWm3A9mn23HYfMZkIgg,Robyn,12,2015-09-23
Lc9Wrq63li1MeoMaBXRs6Q,Scott,87,2014-08-10
lGo64ie4xecSjuDBfSaKIg,Ms,5,2017-02-15
0uc20krEcZl0e591TwrhJg,MJ,20,2009-04-13
H0qUqWctz5Ms6qdeaIvjFw,Lori,23,2012-04-04
oEHo7r2bP4V6FMXRTbrVBA,Sonja,2,2015-08-13
hN3Rd-u3AI7e7KykQEgnbQ,Allison,6,2013-05-22
OEEYcJYXfRwd_zAYgEkL9A,Paul,8,2011-07-08
6ECiotx-ovH-VcOwC51h7w,Bernadette,1,2014-06-26
LPtveqo_Wy9rdoE75ZoBHA,Fatih,13,2012-05-17
A85DT7bjELaqc9dGkvzyvg,Antoinette,19,2009-02-20
okVJZRntNRvE_ZBLP9smnQ,Ghazala,29,2013-07-07
0klGvow4lQlgsffO6ya3ZA,Madelyn,3,2017-07-06
blwyK-qrzcDcoR5RWZ0jIQ,Kamilla,5,2015-11-29
3QdXVo0Q0B9lPfH0BWUCUg,Clint,1,2017-02-05
KLGKm5Y2j2TacEAR-Dl0lA,Mike,11,2014-07-25
JzuKX8jTqXvMYNuIJ8xDNg,Gary,6,2012-06-13
GuY0h9DZ-XWrrcI9nueKWQ,Wendy,8,2016-04-19
QNlylMuHO58rMUZfk88RGQ,Kara,7,2013-05-29
g3cpzJKluIIW5_De4nUVCw,Matt,12,2009-09-30
gy3QVR1lRcwkc_s4Ofdkjg,Keith,3,2011-06-22
6uoU7keB82jua0ry9ZD-8g,Paul,1,2017-06-28
VQFb0Lz_YRMhSJ-63odQBQ,M,4,2014-03-29
CGw2CWVAxtHRkI48lXYucQ,Robert,59,2013-11-24
7RQE5SSPIiM383Jn5rZfLQ,Kia,2,2015-11-15
1QUkhN66wTaHJ8MFyHwhRg,Dr Michael J,49,2014-12-14
ALi-f4sN83HdCDDfwSxf6w,Shane,103,2011-10-19
hmAzmrzEvtc0BMYJ669RQg,Vince,1,2017-03-17
Giwzuw0blmKrY3jzJIJ3pw,Justin,49,2012-03-26
sLnh9ImeqqBjdk-RHaCC7w,Mr,45,2015-06-15
MtQs6LChnp_3R2qa9gGfdA,Eric,1,2011-03-30
FQZHGeh-TRgtMJ2MaAPR-A,Maria,63,2014-03-08
9b5S8hWN02tiUjX9di93YQ,Ted,81,2012-10-12
EElRwrdbsBehIV57CUxWVQ,Carmella,5,2012-07-08
D6engUEtcr5Vp1Z2olY2Ag,Heather,1,2017-04-24
z_51GFWHLJ4gltpUbqtS_w,Adam,3,2014-08-31
CQwNLah8v9Nx42LPx5ypHA,Laura,1,2011-05-29
i2rd8Vi-WJEycUejJX-MmQ,Mike,15,2013-11-08
-FbCwyVdpNlBLKHuOoXcqg,Jaycee,5,2012-11-05
RKSGKr1fvWS8jvdh0MNuQA,Scott,1,2010-07-31
oRAC1p4nBCs2HZyX910hNA,Charli,4,2014-06-18
fkgvO5h7DD9KreU3h0ybyA,Preslie,1,2017-04-01
dqsITkJtGN5QdC__JyIR0g,Justin,6,2009-04-15
iZAiB8YVVE7iY3cg9Psz7A,Rob,1,2015-05-23
pcDNFejwkqiWWFe3dKzsKg,scott,8,2009-10-24
SpH1EUS9_A3tp54LLoA-jA,Elizabeth,166,2012-01-14
5v44QVu2_7fD37tImMWxkA,Hannah,3,2014-07-12
JfrWjcOBnjQZgZ7rUB5EHA,Florida,61,2010-09-08
rXzhExYaUBHn1MMtkxkRdg,Francesca,2,2014-10-30
hGDoOSp4eet3h0J2xOs03Q,Bob,11,2012-03-07
Jy1YIQbU-OmBVr488nKLxQ,Aileen,15,2010-12-10
yC7ufgEhx-f7QA_BHD7pUw,LJ,2,2013-09-02
TSQctbYBAPHDIe0TsPnfgQ,Mary,1,2015-09-22
DCnnzxpPYeUdfIAxR9zRnw,Bee,24,2012-09-26
26F7bBAY6CWAdNg99aM5fg,Nathaniel,2,2016-08-02
G6Gzh9q7nXGyW7YE5Q8Lzg,Jonathan,4,2016-05-02
MtBGUWl8TBAWLM46WpJtJg,Kim,12,2012-12-06
19a0eM81W7GZ9X4AGR537Q,Steve,5,2017-10-05
DiMUr1a4UZt14n_7R7Ht4w,Lindsay,1,2011-09-01
WgK48IqBfRb0VWYAhw9igw,Emeral,2,2016-02-21
64Ua1hJ30kC2FTSmMQ1bQw,Bobbie,36,2015-07-01
HD5-3JVy9DgLGafrtGaMfQ,Katelyn,1,2013-10-22
osQvLS9rs12W9Wf0-qJNew,Ashley,21,2013-08-08
ptQ0b0WxZltrhxBvuqHxjg,Debra,12,2012-01-04
OCM_r0dQBkaPFONuHyD1yQ,Jesse,2,2015-03-10
1D0whMvOLo0lF--snRU64w,Andrea,16,2007-09-17
u3VQke3-rsoMl0DEruYlBQ,Debbie,18,2015-09-02
sHmYCIH7MKt9BIc9sz4uTw,Richard,1,2016-09-24
IG80dqafzI-xQBchRuPtfA,Marc,1,2016-02-11
uJ5ZT6sagDcrgOEL2FmvvA,Rebecca,1,2015-06-01
UFRP41PUHKhAHM1SWfxdog,Mark,1,2014-06-24
lvjQvJ0FqkNzuxiOBYzr3Q,Jeannette,21,2012-09-02
M3tLqWi37-2YNe7AD-Kquw,Ms.,50,2010-12-11
pVkeJrR6zEHM3Xv7vpducQ,Elisa,9,2017-03-10
nAGiL6Qw9Vn82DoRgVyVuQ,William,3,2014-11-12
lCp_DoXMP7Wn_FuN_zZPtw,Paul,11,2011-07-02
8SlF9sWoDGNc3zDBmhRk_g,Ann,9,2012-07-01
4b-4yPP6TTjEFIbTadTxTw,Homar,5,2016-08-07
_dYZaz1LyLZZ8GtvZOwUSw,robin,4,2011-08-23
zgsLlEfVmCLtUjoYP7P2qg,Big,1,2014-06-22
OPuwdUjaYluKXsLiyqNBSg,angela,2,2011-06-12
DQm0626bYPiMnzDJQ5gh6Q,Kevin,1,2011-08-25
ESyitbxhNGjGfMQwUySZ7A,Victoria,17,2014-10-31
yDbuxzPusfZyhbc6P0RFEg,Uric,4,2012-02-12
EbQHH0VfqVr3KDZSRvoXOA,C,1,2014-12-07
wTYRj8mCj_KFNP9LBj-lig,Tasha,24,2014-04-14
Va8DGgOJ7CP-DwQaTFR_ZQ,Vicky,6,2015-04-21
fTYU7fXZTJFVMMOdLyTzfg,Brigitte,1,2015-02-21
qG3aLhRd9SlLVxgRoDaTDw,Robert,9,2015-10-06
dBjWfm6Ifd1yb32MIW3ubQ,Mrr87,2,2016-11-18
65G76lHQbHK8IaB-q-O_JA,Michael,9,2015-07-26
z3Q-juj76VsmxlvN6vAFOw,Sarah,2,2011-10-14
Yuer-cpuBB5KsSKmzZyQwQ,Trish,20,2013-03-28
QyTLTNu44BMILz3_ehikgw,Vic,6,2016-11-21
lezofx5xYQSnw8xHAxAwsQ,Judy,13,2011-04-21
4OTlSBn51_jtWbMppg2Jiw,Chad,5,2015-06-20
Z1-xyCVMt3Hv_3iaHMAC2A,Sarah,5,2016-12-07
-9HIW9FQ0dEpADLFVSrUsg,Audra,2,2012-05-04
z6ut14bM8NXhjbXT-ts1fQ,Bobbi,84,2010-01-07
HpLoK8ZzPtWa-OkjFkBCpw,Kim,4,2013-08-29
2KDBiQr9h4FdalsisuNGig,Ted,38,2009-07-11
O8toF7mZXKWOm9EaoZ90tA,Zack,4,2009-10-16
hnrKoMe2zsn5xi3pMOVVTw,Chris,2,2012-09-28
74vOzFh22b2HKFuZ_DbtJA,Tara,11,2012-09-10
QmHXDmZIECBwPoebdQq5Vg,Tharuna,23,2014-04-13
ar2GysIh8h6sH8kS703gJA,Daniel,6,2015-08-11
Ek4fKT2PxX9ILuhP2Hb3Vg,Andreas,1,2016-02-16
iYzKAQrkT8OJ8Dz5Zcud5A,Isabella,2,2015-07-09
gI8mq9y8YlQ0fGdC3dqIOQ,Mary,1,2016-03-24
qafCLfqT7A1De7yDLLh3tw,Aspen,2,2013-04-20
H3vQjLaXBoCMkGogW6LE6Q,Brianna,2,2014-02-13
5vFyOzqOboXWcyHSkRoKXw,Ken,1,2011-03-09
5XJTRMVRBzsDv4Qgg47wKQ,Amanda,1,2015-10-03
NMcdjEAbH1G1SSDu8T4AGA,John,4,2013-06-14
-ZUr_UdFwPr6deovQD7Arw,Nick,11,2015-06-28
bRPXjZIN_Ui7Rjk3Yi6IfA,Angela,1,2016-06-19
ivseRuEpyDUHnB66D8O3mA,Lynn,218,2011-02-16
z0sjP6gyZpibCAFGYIk_Jw,Citycraver,5,2010-06-30
ukB3vcq2EbruAfs0RwBKiw,Rigby,24,2013-10-27
E5Bmcg-k-DNDv948Ms06qw,Mitzi,1,2015-09-09
9lZVDwK5zGI-NadrANrbHA,Ana,11,2013-06-19
2VnmHDK78YmE8HzMpuizjw,Davdi,2,2016-02-08
3sju761l-ieQG_g9GdAb-g,Omar,2,2012-06-16
s1FAL6FG4oBvpgpp1Z5fEQ,Paul,2,2013-02-22
l4dv7KO7f8Fm4OOvc0cQEQ,Irene,20,2013-06-19
48ZA3NaTPpMUKmsqj8mzIg,Kayla,2,2013-11-03
z4_0KjEDb6pjgUzk_D0wxQ,steven,5,2011-03-03
0lW7tR5mc8zgW73Thv46wQ,Hunter,3,2012-08-15
iBgybAZ7vQDb2TSg29LNqw,Trevor,1,2017-08-07
MwM0Xetzw-RGZ3JdH2d0ZQ,Leah,10,2016-02-28
rmnhPfgBhmnmjntfn44bVg,Michael,1,2016-10-15
6w6XkhvYQb26mUPhT5kNKw,J,6,2011-07-31
4Jv2HxfGnF-3FtVD3ZT7pA,Kimberly,3,2011-11-15
5aW02RWwxGIac5jd7ejAzg,Jennifer,5,2015-11-14
vJE-MijrX_A0nd8qOWSOMw,American,5,2015-04-29
KWoRsoszpxXMHAX0k7bOoQ,Samantha,2,2010-08-28
YNxfD1sD-rKK3qnxPHBMxA,J,2,2011-09-19
yNHJnXcYUIdqtDuwDp2LCw,Charles,3,2015-06-01
fhod-ybVc4cneNquj4cgzw,REDSTAR,195,2008-08-12
QSeOuEEupdDhar6__SJUzg,Gamebebe,155,2007-08-02
BE7xal47x5JwzjuNtRDX4A,Luis,1,2014-07-15
nZYt7NEh3gLnUyP9kxbhzQ,Stephanie,3,2014-07-29
pTQRxN7VH_-euTEwBRcBFA,Justin,1,2015-04-13
9CGCsSda0pufC5UzUR-Ayw,Nick,1,2017-05-02
HxKR3PITSVl3CrSsvPVt4Q,Jhoana,6,2016-02-04
I_UnfCDuuTFLL6o9TVZOxA,Shannon,33,2011-11-24
VTTCtX3UWTU8dTu_T2FGvQ,Tracey,1,2015-03-07
r7ryrI4hjlf4YtH5KMSNMg,AN,28,2011-11-06
X67ASpu-XN38EZuHxCtKxQ,Alex,1,2012-09-18
4ULkSSMp3-JH8HegrlfgzQ,Joel,862,2009-03-25
1vj2zWxd8MXnL5LZRMz9eQ,Shannon,6,2015-05-17
sWz4My6Yl_DBjR5QV7HbsQ,Linda,3,2014-08-10
Rde4yp6lUUxFuiuKv0E16g,shauna,2,2006-11-27
S1kyDyGQJqcrXH9f1P_m2Q,Bernadette,153,2006-05-14
tRKTHWw9fyFKmJJsPmLLOw,Vincent,10,2015-07-05
-6pIHgXzDJBnbqJW9QT_iw,Joe,4,2011-11-12
kdkEsWs1jlAaeJoN89-mgg,Julie,14,2012-02-28
DSkaOWYp5fiR1vPhuqh8qQ,David,3,2015-04-19
twM4gyfTOlNgbu1hbWVIxA,Michele,5,2014-05-30
cr60arxEln8cxEAp0HFu2A,Casey,9,2013-05-18
TZMYrV7FdD-6a496B5xUjg,Kim,1,2016-07-05
hSxZEnmv1yuNdLsWwMYKfA,Yuki,4,2013-08-02
ZkboVxRUTM8FByjHKg35ig,Scott,1,2010-06-09
u7rho4cxAbZzChhfVC5BgQ,Eve,7,2013-02-18
s37kC0PL9EkZjgSjlHm4bg,C,3,2013-10-13
OLcorLKEVtk2DLKZBSiT9w,Joseph,13,2011-07-02
RwGjL9DUo-2nxqHsSyY_gA,Dexter,22,2013-02-25
UG0oQfk7s1g8PpOHIuc3Ng,Reagan,6,2016-07-25
kbU_SqQIGnDeEauCYEtR8g,Ellen,2,2015-04-08
MZX4hvSnF2Tj1AE5KbbmqQ,Carrrsyn,27,2012-07-15
bLe6p1C6KaTwO9Abh54zIg,Fred,7,2011-01-07
xkx2IbEwbN2Hd4ONUDDISw,Sheena,5,2012-09-12
MhYkNUi_I6Q9my7SzMo50g,Laura,10,2013-01-21
yja2IlDUxNZXGaKpZpbB2Q,Seth,11,2011-05-09
hn93qIHOfjxed6Td-hJ5mQ,Ken,3,2010-03-22
rtVbZ4K4-0XgRd36ghoHkg,Jade,1,2012-10-12
cKaSCG9sw_a8b3WjVhYzXw,Geets,1,2014-06-23
aXS_b4xj9JcP5cNazSBg0w,Brenda,4,2015-11-09
vqDzJO2THxW4wYI1BSqoCw,Bernardo,1,2014-08-17
Gx9dG-J35hvzwyQtVGl4Qg,Josh,1,2016-11-03
bL1w62zIAt-MOEIpeL30MQ,Jared,5,2014-05-01
WlFwoNxpvOmQDh-YTCG12g,Samantha,1,2015-05-14
Sn6MVWZG8EtlZvxUKpK1Bg,Dolores,3,2013-06-24
IbA6SOVTZpEelnlv9Iw2TQ,Connor,2,2013-02-21
Ifacscc-JGOmMy06xpv2iw,M,30,2008-11-03
794Xc0WvhBiiTEg2VEVdbQ,Shannon,10,2012-07-22
SRkCRz0a5Oyvt5Mw_MG-Wg,Elle,67,2009-02-08
hqDoASpO-Dkn-NQdmlotyg,Michelle,157,2012-02-02
SiC8mydRCzoplmAt-f6dgg,Klarizza,1,2016-10-16
rwnQ30aM-LJs7IAjltpB2Q,Jennifer,1,2012-09-12
A12C2JFUyAGtrpJlLsnk-A,Krisha,19,2010-06-09
f6EYfIhVZbmbyJg4Th2xLA,Michael,3,2014-05-31
m1E_hEezyPxLNqNvz2fSkg,Sonya,6,2016-02-14
JyTkE7b0lKKaJEi6Q8fK6g,Ali,5,2013-08-22
WEWDbAZx_muK0BSz868fIQ,Jeremy,3,2014-08-29
OMR-OBuEZAvXnkBxZK087A,Sarah,16,2010-09-18
xuxpZ4bzt5mhjuT0rXPzYA,Shaneika,1,2015-05-14
_jNEINR5qcQKTjkx1e_k5Q,Ravi,6,2010-09-27
yfyHmLb3-voOEEfc6KWMFQ,James,1,2013-09-03
ozVhzCfFyL44QD4Q8N4IEQ,Jennifer,5,2013-11-17
r-AuhL1mdKhNiaJBJi5HGg,R,1,2013-02-07
PolRHVSlfO7v_AJRAHqpKg,Shazza,3,2015-09-14
n4CvLeqTPBsEk9gp7xW3Uw,David,4,2016-06-08
86XFTPglvv78GtiFoQf-jQ,KV,4,2017-01-31
sVBG9ohuc-xLyFzmaAWBrA,Rebecca,36,2014-11-10
3clte5nY01CpmwIiFMpyJA,Matt,5,2009-08-06
kkcQL2vL6U0RLobjk39ZxA,Marie,2,2013-09-11
EVEiFA52Cvn776uEB0tgTg,Mauricio,2,2013-10-11
U_FuRhMS_tzHR2b5Qig4Yw,Jabber,23,2009-07-02
gMfojzAScfmXZlLpGyV4hA,Kathryn,10,2015-05-18
SdlcLL6Kl5p9uyWD3zBQdQ,Jason,6,2013-05-10
KgPds5XNmjqJ0TsN420VqQ,Debbie,1,2015-09-22
EXZyyedr18buT45V6cfOlQ,Linda,3,2011-09-22
hUnz30tJX78OpbnRn4ODuw,Michelle,24,2014-03-27
owZz0OO7Y19j566zncXlZA,Betsy,12,2014-02-18
bSpF89gGmzsydZS2wGn1AQ,Taylor,2,2015-06-18
wu3K_EQFUmbM3FD0ZpM9WQ,Huyen,352,2010-02-01
FdrQ_7tLSSrNntKMEAcEUQ,Thurgood,1,2014-04-06
nXWy7srV0oQtfIeY0dbegA,Vincent,2,2015-03-22
dg89vwfSWimkx3OBedFWLg,Denise,3,2016-04-14
XWE4ZHf0FyF_rPId6wiR0A,Brian,1,2016-04-12
4ozouaVha_KnxgwFj_KYkg,Mary,26,2012-05-21
ZYk_xFVRlpKs2lNZvw3IPg,MJ,78,2012-07-22
VqfxbzDLBHycuqkvEy8OYA,Ann,91,2013-05-17
D51pBGmcrP8NGmjQiO92DA,Eva,3,2015-06-09
tTifjrXlRrUme-4c0UW9Bw,Aaron,76,2010-04-10
vnDg3JX1TNSphamFAdf7Dw,Sara,2,2015-09-10
5fti2xGCaxhyqSPon2PULw,Linda,3,2011-05-16
mISRmJCfXp1yVdfSFj0uiA,Fernando,27,2012-07-25
BTCOShZVaUkQs6vUHl1Ztg,Lisa,1,2015-08-20
f9qKOhiRvrYjh9i93_dkqA,Jose,1,2012-02-12
dBNOdaQj8Bkb4iMd6D4Jvw,Keara,8,2014-05-13
HLjUcOxQlPMhIb44Wk0s0g,Renee,2,2014-03-22
8Yc-mkVNMYwvaK7-orPSYg,Renita,10,2015-03-24
x5ftYPTtDV66gbDVOLL8JA,Stefan,13,2014-05-23
8Z9MqyQNeha_i_KIcmBnbg,paula,19,2008-06-12
KcnOCYCtaDE_gaGQYx5o7g,Priscilla,47,2010-11-28
myPvFZU9ORxGvK_aV1o-qg,Nutan,13,2013-07-11
MEkFrLa9k1HIfNztpSjX3g,kim,27,2010-03-03
uOqA-kJOu1wFfRe6CTFENw,Aaron,21,2012-05-07
lwq5d74aW9xTDKLDQb3WXw,Matt,2,2015-01-16
d_xLvLFHOsOuqFQyb3LiWQ,Robb,17,2012-08-11
XlW_3mP73q_LPGExl6_mpg,Cheryl,6,2017-02-19
lxCxno58i4f8dwvbzd546g,Danielle,1,2013-08-08
E_1_f6d5fhoWFUCDmCwwqA,Josh,1,2012-06-25
2qWJ_3UpfEoKY1i_6Mpusg,RJ,148,2010-02-05
8mtlsqWmgOtZc_K1vEHelA,Twila,1,2014-10-28
SkcmS90zT1ZjUbPHkS6kBw,Eri,48,2012-04-07
QD3m1tuva6sDN56VMe9v8Q,Michael,2,2017-06-07
ga4NQ8VwJprua1JSfCZFrQ,Angela,8,2011-12-15
BdJw_-N9outs_WPbhyH8Ww,Tony,6,2012-01-07
2fc8qk4HDB4kZgrGa8gmlQ,Nelson,1,2016-11-26
CWUkjxkmTQeoumuaRMtysg,Eddie,11,2016-07-07
I7G6DnTnoNJ3rKUovozSzQ,Kimmy,117,2008-04-10
Mq1Yqlby8FupMt6RRRQlYw,Monica,3,2014-02-15
kZMJpN27g4BdJAVoFflkhg,Luanne,2,2010-12-05
WO0-S5L94gMxLx5HN8KvZQ,Jacob,2,2008-05-26
ytZ4FgaFP-8WVKHgWkvBYA,Nancy,2,2013-04-02
dd4gcB5WgYw8XWu-Yiumwg,Sarah,3,2016-03-15
P5pamom8NVi_bT3aywPY_Q,David,135,2010-05-01
-ghy4l3oicF1VI3vg6QiIA,Andrew,6,2016-07-30
IWgcBYr2MXd3uxdJ607oYg,Dianne,2,2017-05-07
B6psWEo5cDEv9Gqnr-DGig,Bob,33,2014-12-24
Skmit7oy3eBZyJ9kx9Fb1w,Kayli,1,2016-05-31
-Ow4AaVk8Y253eTADLxIDA,Shane,56,2013-04-26
SwcH8VyyYqbF0bGiCvAF-A,Stephanie,1,2017-04-13
LZ1P4JkjafGWPyZIJoQJ_w,Thomas,1,2012-11-28
-ryG4ImWDnLMlMk1CD4Tjg,Wayne,8,2011-06-18
sScdBOvQSpYuXgfW6I--jA,Michael,1,2014-08-03
bG7Bsau12w2r63YntAfa5Q,Josie,4,2015-12-01
l0vLtmiKfZ01U8ZeW2VmQQ,Colette,1,2015-02-22
HbhQYshO28EdZ44UW3M7KA,Amy,12,2014-03-22
_NxJozTCCLTDm7KdOi6VrQ,Wendi,24,2010-02-07
rgjS-n0G2fDx7H_8M39mPA,Joe,3,2015-05-03
fE0qIdIHvch8CXpQci9JJQ,Roberta,47,2012-01-04
ix3PykIQMoacy3qgmiH9sg,Brandy,1,2010-07-11
ou1We34M6UX3iv129sg6eQ,Diana,3,2015-10-17
dHe9xNZfDkoFCJwhXSku6g,Tara,1,2016-10-23
J4wFVD76hQn2cAfeX5uicg,Kaden,2,2015-01-05
ZLuEzajeR752EUno9JFsNw,Derek,6,2010-12-22
Xu0QJmn8UPgHGWKWwBYaKw,Fredericka,2,2014-12-24
lf-KW7oMqzKugOUTRTyAGQ,Mark,48,2009-08-18
OWdGBEYSZG2KEJcA7fhWWA,Dadee,1,2017-10-25
rTFUFVem4M_NAewt4WJmiw,Lauren,2,2017-10-07
6ykZN408XIu4dSW9Sn0EHQ,DirtyDirty45,3,2015-07-19
knXJKFC_MWGgsooe7eJfvw,Grant,1,2015-08-07
Hlb_FqATXh2tC98WZydvTQ,Amy,3,2010-04-29
Vmak-23jKb5DXzKVsyvd1w,Uyen,88,2008-02-14
JCMVCH0ELLJiTos-FjKc2w,Wyatt,2,2014-09-28
SSdIyvU8f8t3_5pNekGXKg,Kelly,1,2016-04-27
qAeiX_1IOEjr56QjRjaBxA,Michael,3,2013-06-25
maYpQdRoAz8RY0nhFwlKRQ,Shemariah,5,2011-07-30
TmWaOU70wmt7pA8dJJ_KuA,Christine,3,2013-02-05
FUHY03BT17m0VT1f0HJhKA,Wayne,37,2012-05-25
yeV3nVEuPK1RV8kjjKmZkg,Silvia,104,2014-10-14
T8O_811RLZ6Ueu_QYWheAg,Jenn,11,2014-02-03
2Q0m0hdy5a4QR1ZAyNaF4w,Kyle,2,2017-03-30
B6m8kiuJU3n96dAnxiiFHA,Alan,40,2011-12-07
9RUyGo2cJGQgtP3xr49WdA,Mike,5,2016-10-12
AXL3srPmsNCdfAGk1SnqKQ,S,6,2011-01-21
alqn0SpTY4sQtWauGGLV4w,NAS,3,2011-08-22
ILxUZ6VqkUfwLb8MMuZkOg,Dana,12,2014-07-20
NzXVwXJK__MwXE1LufIz_g,Troy,1,2017-07-23
pYpGiYVxdp8RgASXDyyLxQ,Roe,3,2011-01-13
x_FcF4aY6hpvm7Gcy8h3rQ,Kyle,1,2015-10-18
oyt3igeYZy5SZpZLwJC6dw,Robin,5,2015-03-05
YKLUV9MRpEqALeoUIZVv2A,Fel,3,2014-06-20
FqKy0_LyZvnWYJBI2wLaSA,Andrew,35,2014-04-23
BY8fk4Jik4EFo8z2M8pnvA,Mark,3,2014-03-09
v3JBT1PQQ7DPXMJPZz5bSg,Carlos,12,2015-08-15
MdIj1EBJIG2Hfx6svOcN2g,Laureen,3,2015-12-19
NE-SiBm-BD1vpPpIFt4kdw,Matt,296,2009-08-03
9PSIoI3YQ8NzdAMYWOrsBQ,Joe,3,2012-11-08
ga9YiRtDXGCuYqW5ibKXZg,Shawn,6,2016-10-12
X3WVLkWvcHnpHhizLIykPw,Gracia,1,2013-07-08
nf7W6Ky_7NXIvowo0JfK7g,Parker,14,2012-09-04
BYCft1XcHJ3yokGRyva_JQ,Lynn,1,2014-06-20
XgVV7QH2E5In98aswfy62g,John,1,2015-09-19
VlcasgkqiTuPi-nVT7rEtw,Sydney,261,2010-03-15
hvfmC2jgTwH7jHrRZCVjLg,Tanner,10,2014-06-07
x4LJmmgrO6LOyvVsdiVVfw,Robert,15,2013-08-16
0vu3aTNjbTETecbO5o_x1A,Cassandra,2,2014-10-21
kNzN5BT5CDuSynRKtEgprg,Aishwarya,86,2009-06-25
V9_GnjkZmPdWJarLSjvYxQ,James,16,2011-09-17
wSDk4eEDabibfEjYO0S2Rg,Annie,17,2013-04-14
aamhGlpu-PYREGGvsP098A,Jack,3,2016-05-18
Xv7IrKPa2RjkNO6oQW2alQ,Dani,12,2010-01-02
enjv3bCKkGCFdE3FWOgW7g,Jessica,4,2012-08-20
FkWt4_ne7fESzPAo-y_45g,Richard,4,2011-02-24
JdJZWn07KVFXAXgKH9V3Rw,Danny,2,2010-09-02
BVICpnWoFdjxFgm7RqiLQA,Amanda,9,2015-04-14
xNgIPZ1gc_c4Spj0VNT4og,Jesse,5,2016-07-29
Dqt3PGpHYgFtdL329MkrBw,Brandi,20,2014-01-08
7jzzJ4yEbqtuFpzUFcnpUQ,Kayleigh,1,2017-03-29
ChLy3yHGq-G0-pMlGWX1Lw,Chase,7,2015-05-17
xldBJgCSl3fFIZD-LbQ82w,Heather,7,2011-06-28
iaKHDcSUfcfwTVI17rxqVQ,Tom,15,2014-01-05
itxag5iNwQqXZAN1SAgiBg,Danny,1,2014-11-08
RloEp1Jrj5etg-xMpwqy_A,Dallin,2,2017-02-22
BC7bLcRQaCxefLHrK6Ju0Q,Jordan,11,2014-04-10
TK1WyziA3CQbeovCO_TsbQ,Josh,1,2013-10-03
Osfcvzui5MfiaZ_m5G1t7A,Jesse,47,2012-07-17
2AiooxgXkuJ_beDt-SHlrw,Megan,27,2013-05-19
1LKpZfgyp-9L-Y89xfoFlw,Roberta,1,2014-01-13
KXvHETeReN8osfuw_cRtoQ,K,9,2014-03-16
yEhMJxR46H7MEsl5Akm0BQ,Cathi,3,2016-06-28
gcszga5UlogyR9j5Cq0I2w,Steven,3,2014-05-04
5yz8y8sWbA9gx-qoR1r_xw,Timothy,1,2016-07-15
gnRLZDjifAt89UtTkwJImg,Neha,6,2011-03-26
F7DHCM78S0s_Ohy6UI5maw,Sean,6,2013-09-10
orhw73_cN4-p1WQDgtuToA,Mary,14,2014-08-31
DhKzz28HmNVJa9l6uKOlcg,Dante,1,2015-08-07
-18LP5sg3N7CNYTu92xYBQ,Can't,13,2015-11-01
q-MCsNWTv8245vaXA7vgUg,Danny,9,2016-01-28
Lf8zpssK1Gd1DQYc9IgBJQ,Alex,55,2007-02-23
CF8-pw7a8o1ROS0oMT_7Ow,Aristidis,2,2013-12-19
kkCUBM9m2gGyBfN5neE84g,Skylar,1,2015-03-23
d-Gqlej30b9jgRQKWJe4yw,Sarah,198,2011-01-29
wL5vtq7ZIdzO0s-u6VGcfQ,Shelby,12,2012-11-21
OfAwQOpebtH1flIih9EU5A,Coco,19,2013-09-21
z1slQjrNTSj2HXvX09NOyg,Courtney,3,2013-05-03
LNsJoIeiqtpC_Ay9Sg5J0A,Shirley,4,2014-04-26
7fyAtRSYYqOKZPr39L2UYg,Karla Marie,226,2011-08-18
rdNrcnr0bFdRllz5kcDTZA,Jeff,14,2008-11-20
2tnBFjstF4OPYUsHGjGsLA,Chris,8,2014-10-07
jntn4L_QGPl2LywGbld7oA,Manul,3,2015-09-10
YBvAya-xGwh25GUP9uinAA,Raul,6,2014-10-21
OQlJmtTV8dA_2tmSKHnGrg,Andrea,4,2015-10-18
9YuMY_9w6_iQHvUkppHzrg,Meghan,2,2012-07-30
Grp9Cznn6Y1Svz22mPt0Ww,Ryan,8,2013-07-15
eZcNUNnyYRGLmaJWgHEeAA,Savvy,1,2016-12-29
9EPHJNVONsE-qEC6LdpeSg,Sanj,73,2007-09-19
F_38CP9vbeLuT-BGxdumEQ,Aubrey,1,2014-10-31
CboWkxXSMYSspYqS8ZTt9A,Gregory,9,2015-01-01
O9fHrqyUgmFR1SLSAeQzlw,,3,2015-11-21
m9Sqgra2vgXj9BhfhCkyGw,Stan,4,2017-02-13
4fz7pms55teez7irfVaKYA,Bay,113,2009-02-23
53yPSzRrZLQVVdvn6AkSDw,Denny,114,2009-09-07
Eus4tEM63zUZQ4UTO7MCrQ,Stacy,377,2007-09-10
Qvzmkugqvx1gADQsiD5sNg,Lisa,32,2009-12-27
vrvkhZgQuK-GYno1RR057g,Sara,6,2014-09-01
2dRLXF5GhSnR37EgEvsfnA,Alan,2,2012-08-30
OnMSdElNtboMIx1fXo82fg,Brian,431,2010-12-01
6FUeTZjbWUjGFjVXfgn4fw,Jessica,2,2016-07-08
X1WcpHTDDBs55eeR-NbQzQ,Fatima,1,2014-11-22
_YpeP6XW2Dgw3AvN2wKqlA,Miro,44,2015-12-13
NQRHTFAnel9zl-2toFHiPw,Kimmie,88,2009-05-27
D9PhlFkX5CAPb1ddwbm_EQ,Kelly,10,2015-04-14
r0LIeXq4eFbkX8byMVeTiQ,Brian,16,2013-08-16
lCKQ1Ac2UNWHL0-CHtLWlg,Nicole,2,2015-03-04
MoESPjRHhG_4J5kvl6dO5w,Shane,42,2012-11-07
2iIHR8q8Lor_gA685Lkb8w,Walt,10,2010-08-24
tD1a0zdA1UvjBIH7vHKK3w,Alyssa,575,2009-02-22
x-g_iMWa4Ng7NqACF-3OSQ,Patrick,36,2013-11-14
gSePPAOPyRVmXud2_fuv5w,N,28,2009-09-01
anlgs62zlLO0nxZ1Ly_PmQ,,4,2016-05-17
sYu1JAi5KhHwNxSJcu7HxQ,Grace,7,2013-07-29
s_WWwgCOUYudFQ-eYL8nAA,Joe,1,2014-09-20
y2KsyMv3UvD2A9EZoYNkUw,Annie,5,2013-12-20
epsRrYPcVuYDs2dah03V_Q,Ser,41,2012-04-12
Jy71OiDBPLumOazVji2hOA,Kim,1,2016-08-05
VBd8WzCWpRUa5--9ncvJ-w,Analisa,2,2016-07-08
V3N79E5Axcc3gbBbgX3AHw,Fernando,1,2016-07-16
IuSfWF3-VxQQgsiygkkJig,Harry,3,2009-06-20
TvkjhVs7U2Cm0pkXHMEPiA,Prachie,155,2009-10-01
qMlPaTaCOEoaOAfIMgzSiw,Eva,1,2013-08-28
GO3PFkXLJEzqEjTb9M9TYA,Will,18,2009-12-23
P8gyjpzLR1QHYo4nG9D4wA,J,5,2013-06-20
ikavjv7SvvpthrpvXcrhww,Nicole,9,2011-07-28
VrO3byqIsA7PuAlcB7tisg,James,1,2016-08-25
cfc_LBkmJNzqDQ97gPdWCw,Mariam,239,2012-09-28
PfW8y6QuSxRZ4IH08IuoNQ,Amanda,6,2012-10-30
KIccxol5YrUY54HS8m5e5g,Beth,1,2013-02-26
lu7mw9ZyxnWoVwR4ZzP5dg,Ruth,10,2012-05-20
4byrjF39pGUY1yXky3h69w,Letitia,2,2011-04-14
jiwkN3SVpGSzc5QhXpVrBg,Janice,26,2013-12-14
0PCXRNrWrVr9bGXEBr2MFg,Anicka,35,2015-05-06
CCNLBRZ1zwX7SrLZ4ZiCaQ,J,2,2016-01-10
pNWPtVjMac4A4ARj_77onw,Brian,4,2014-06-17
Ehk6rN3-Efc-MkGDKdS2vw,Diana,2,2017-02-26
J5PBHn8dGLGiJX5aYbvcdQ,Jer,25,2014-02-17
0SxOsoB70vSDrNsoIJMXew,ROBERT,3,2011-07-17
-6Vv_cnLxdv9YpWOUYXMCw,Grandy,5,2014-02-15
FjbY6uiigB8uU67LJhNEkQ,Danielle,22,2008-02-12
71fhkMy603c43ggrnYXeCA,Adam,24,2012-01-31
4GDKpHu6MJSrCSlH-ETKhw,Daisy,11,2014-03-02
ooPQDP128uaFjLMOgTcIQQ,Randy,4,2014-07-14
jtsIRCzRzlpY4PHK8YFRVw,Louise,3,2011-12-06
mmYlPdV9IJ1xah5aQ_zfKw,Robin,1,2012-12-31
yZrKY8RSkfPOrL911UaFmQ,Mary,2,2016-02-16
ekJMTNwF4ROMWo1OTMdScg,Lyndsey,19,2009-10-23
ge2eThyfUTwHjWaQWcmP2A,Jennifer,17,2013-05-12
EcADXTXzLojEhSnK8QryQw,McKenzie,106,2014-08-15
W8-76EWFNUIPfKS23WvtJA,Chad,5,2016-07-09
nDiChzoL6169kluDTqFvqA,Elena,18,2013-04-18
jXvRRQHRf7oz_ERGn-PpTg,Lindsay,5,2015-11-02
d-xS1B9mVVwL_XdgOHu-MQ,Erica,5,2011-04-18
HKKE3oyjKHyzVDPhlReA4A,Vivian,1,2016-01-10
7m2lDqjdqk5aqezVbB-qzg,Hannah,59,2016-06-19
EgDcMsdgpQ_etb6olYxR4w,Crystal,19,2009-06-01
WD3ThnCLYn1vJlKEohPEPA,Amy,1,2012-06-14
HtikmKJQAIM7tbdmQzwkqA,Carly,3,2013-06-01
IIRU8j2-ALu0jkLrbAWuxw,Anna,13,2010-11-04
y0ZU1w6YY4W-KtMeRXSYLg,Kim,231,2008-10-31
oeYtyjpjT0vliWELddBxLA,Brendan,329,2010-05-07
yK3uzWMEOOjDFA0yY9_5gg,Mandie,5,2013-11-11
op7XdojWBr6xTUm4MhbdGA,Elisha,6,2013-04-29
dDVG2jUoz_YRXEGksF7l5w,Crystal,5,2015-02-24
0xZ9qKUrlCxtiq75tX-IcQ,Robert,21,2010-05-07
rGg_5ZKf0FdMZus6iF5D9Q,Relly,5,2017-05-16
MSCq5c0Egez4MPQGLHF8Tg,Zachary,9,2016-08-21
_J3Mfxo9Wcph1pkwSxxKog,Jonathan,1,2012-11-02
CMSN0J3P0FME5eOZfQ8MFQ,Allison,1,2014-02-08
m3ScQtbOSpwzkb74MoxB7Q,Laine,71,2010-11-10
d4ujcIQQEvRv7yfvc9YMcA,Julio,9,2011-09-17
F0JZiE4E7TK18YAjF_J_hw,Karla,2,2011-05-28
dN1JQahtKsAVdIB7jWrMag,Hideto,13,2013-07-29
lzOOX42TjDQAo3Uxjxx8vA,Kristoffer,6,2015-10-03
fmhQhyTVRuyI-cKEfbs0og,S,3,2015-10-10
gLsv77ETHn04kiFZwQIOJw,chris,1,2009-03-19
iEy2zChmzGTdv9n0t_jEPw,Jenee,23,2016-01-21
bRyjTr4cNkr2b0smaxNE2A,Marcia,2,2015-05-18
r7k8JKSl0F-YDLYNFLELsA,Yeneka,9,2014-12-17
cGPpx07Koq6e2eGF6vmrOg,Jinny,7,2013-09-25
UMHmXJ1t9MHIda5srGO4Hw,Eddie,2,2013-04-21
4PHVO-mVV1ZvjOlOor3Zfg,Jonny,1,2010-09-16
LqZkvWjJsKRK5UK7Ee69Lw,Matthew,10,2014-10-28
6grsILY9ZXCcztS9rSuiew,Brandon,2,2014-02-07
B3AaTIzaud1dd1nEs-89Fg,Amber,211,2012-04-01
ak5hVAyh3PixDx75QTmKfA,Cord,2,2014-07-14
SBzLSoqOz-32zgBpk5vUyA,Sean,1,2016-10-19
cd84djcoZFLUVuqbGUKd2w,Crystal,2,2017-05-12
FwLvReXzPE9dZYy7GplvwQ,Carrie,7,2013-07-01
SPiIEd_libDoG8LHCenrUg,Moon Girl,3,2012-08-30
tmXKw1aygYiePQhrycCB5Q,Julie,23,2011-04-05
6k-PRKGXVySuAwxPoJyBdg,Dana,2,2015-02-28
_aULr0uoqKbZQsbVfXZcfg,Margaret,25,2013-08-02
N3kluveRkkwcZ0DWTBR65g,Lisa,1,2013-02-26
MxKhRGKiZ4RiXZgf1zYRIg,Tammy,187,2008-02-11
GxB_VQ8GaffGnXiUfQubHA,Lindsay,4,2008-07-01
u9B-zEDxG-9rzZPVKvJKXg,Sagar,1,2015-02-06
Q98shcI__v0EQ47R9b-UWg,Jarred,3,2014-02-16
wZ-MGdYnZZ-cDAb3MsZUbA,Payton,6,2016-06-30
skwHPa5Ftld-NY8QkCpFAQ,Patti,1,2012-09-02
3iQiQGUWGqGDCEOPFC_8sQ,Brian,9,2010-07-22
vv5NSh3MWibn0IounXpsDw,Jonathan,20,2011-03-16
eM2tV8OOaxZHQ-KCIPufDw,Nikki,6,2015-01-20
Wbog4ah7PQkufq_WJf3uLQ,Wei-Yen,7,2014-01-14
1ZZIh9EbXtapTwHhIySCfA,Michael,65,2009-11-20
lQZWwmF56g--c_2sf80xtQ,Dan,3,2015-04-14
sG2Vuj_IgwgnQJ3fBouByg,Jv,5,2012-02-18
YDtEzkiSt9bk4lQfMHkUmg,Al,1,2017-02-04
7rLsaL2lafcvwaTMXR6pfg,Casey,12,2015-06-01
sk6pE_jk77IPCPUidPH7Ig,M,2,2013-11-10
ncxpa3Ef_5r3LNxdgMqahQ,Kristyann,2,2016-06-30
-05T0q5BxB9g0RCKiGYoyQ,Tony,55,2011-08-26
re0KSVI2_GPoJPT90NUonw,Gary,12,2013-11-07
PLmcAWrXYIiFIUUmm9WqRQ,Viorel,4,2017-05-03
6Acux88WnOVSuwZ3SBRm-A,Kameron,10,2013-07-31
Pi-0qT-7EdMcbFzyx8CD1Q,Eastie,102,2008-07-17
jXsyo2Onu0GMG91aunsc-w,Chong,1,2012-12-27
QY123uFgERg5LmqAbntkoA,Elisa,10,2012-09-24
spptx_raZQk5XDsNrfWqkQ,Eric,2,2014-02-03
WDS_ocriR4jDKVCMgjHJmQ,laire,11,2009-05-23
YybEwUCvKLWtiKeKJLjMDQ,Jerry,1,2016-09-23
DYwv0U8rZA2lhoUEcf8D7g,Zana,20,2011-10-21
arKZzh2AYRNvNcx7Tg2h-g,Peter,62,2012-05-21
jgKn4MhOcIkaT6fEZ1jbhw,Cathy,5,2010-06-01
E8JbOayf7-ZoV0OClbuQTQ,Gary,4,2013-03-24
pjOtZj1bgc-IJYi-7kxsog,Renee,2,2010-06-15
Yo-G2hnzystUsJZv88mweg,Tina,124,2013-05-18
5YpMDSAk2efB-4tNWdtXzQ,Donna,1,2015-04-19
0kyzC_J8_NTY18uj-phN4A,Anonymous,3,2011-12-01
UcUPVwyb1nkmiSkIVsBLoQ,Sel,1,2010-11-14
kYyqZI5pOtvxXJJNVlm2rg,Matthew,1,2010-09-27
57EAK5jxc921uGE8BfsiDQ,YarnWitch,2,2015-08-12
VfdwyuAK8MtL30WRZJb2MA,Julia,32,2009-09-05
bO5jPN7cui8evaz9auQrhg,Jon,11,2013-04-07
vp26XaDu2mn2-cI5n57U9w,Whitney,1,2013-08-16
Mszy5BnUjmr0Oi53wJQCcg,Edwin,19,2009-12-29
EhWPUBR4Tjc4rJoJ8WEwow,Bryan,2,2015-08-03
